command,mean,stddev,median,user,system,min,max
pdu --min-ratio=0 tmp.sample,0.34886006696000005,0.0013553069519123022,0.34885457576,0.26327732000000004,0.34465503999999997,0.34627842326,0.35076672626000005
dutree tmp.sample,4.17683070436,0.008341804228338532,4.1789774607600005,0.49927811999999994,3.6771145399999994,4.16124916726,4.18638321026
ncdu -o /dev/stdout -0 tmp.sample,0.21463828168857146,0.0013026995894169884,0.21450187026,0.02998690571428571,0.18456184,0.21261166826000003,0.21717852326000003
du --count-links --apparent-size tmp.sample,0.2040761868314286,0.0008970307485416445,0.20397802176000002,0.022374477142857143,0.18163133999999997,0.20262776926,0.20594551926000002
