command,mean,stddev,median,user,system,min,max
pdu --max-depth=1 tmp.sample,0.08702775489939395,0.00040320061757563136,0.08695729596,0.05685409090909092,0.2832789284848485,0.08649582496,0.08856141296
dutree --summary tmp.sample,0.38855009046,0.0016691187546631569,0.38809369346,0.03594959999999999,0.35250748,0.38688778196,0.39205140296
dua --count-hard-links tmp.sample,0.25161934076000003,0.011525108214906913,0.25187718396000003,0.25608720000000007,0.65027208,0.23439374896000004,0.27463255296000005
du --count-links --summarize tmp.sample,0.19986042560285716,0.0014682396174743304,0.19984937096000002,0.02159457142857143,0.17820608,0.19762603596000003,0.20363628096000003
