{
  "results": [
    {
      "command": "pdu --no-sort --max-depth=1 tmp.sample",
      "mean": 0.08802705946484848,
      "stddev": 0.0022762763767007342,
      "median": 0.08770994998,
      "user": 0.05524598787878789,
      "system": 0.28674743636363625,
      "min": 0.08652186998,
      "max": 0.10039767798,
      "times": [
        0.08759362698,
        0.08770994998,
        0.08805506698,
        0.08675504298,
        0.08727663398,
        0.08785923898,
        0.08747936998,
        0.08733895198,
        0.08757786598,
        0.08862776997999999,
        0.08787468998,
        0.08785245498,
        0.08830048198,
        0.08779456898,
        0.08728284598,
        0.08802466998,
        0.08801352697999999,
        0.08767829998,
        0.08776284097999999,
        0.08837185498,
        0.08791945498,
        0.08773623898,
        0.08652186998,
        0.08733462098,
        0.08750513098,
        0.10039767798,
        0.08693824598,
        0.08691102398,
        0.08754640497999999,
        0.08825677998,
        0.08761770998,
        0.08667749098,
        0.08830055998
      ],
      "exit_codes": [
        0,
        0,
        0,
        0,
        0,
        0,
        0,
        0,
        0,
        0,
        0,
        0,
        0,
        0,
        0,
        0,
        0,
        0,
        0,
        0,
        0,
        0,
        0,
        0,
        0,
        0,
        0,
        0,
        0,
        0,
        0,
        0,
        0
      ]
    },
    {
      "command": "dua --count-hard-links tmp.sample",
      "mean": 0.24673602373000003,
      "stddev": 0.00984110481702134,
      "median": 0.24354978498000002,
      "user": 0.25056886666666667,
      "system": 0.64415755,
      "min": 0.23245518598,
      "max": 0.26542931098,
      "times": [
        0.24365415398,
        0.24344541598,
        0.24836608198000001,
        0.24212979198,
        0.23836259198,
        0.26542931098,
        0.23245518598,
        0.25531199998,
        0.23609229798,
        0.24251653298,
        0.25722927498000003,
        0.25583964598000003
      ],
      "exit_codes": [
        0,
        0,
        0,
        0,
        0,
        0,
        0,
        0,
        0,
        0,
        0,
        0
      ]
    },
    {
      "command": "ncdu -o /dev/null -0 tmp.sample",
      "mean": 0.2133402350514286,
      "stddev": 0.0007687088895148463,
      "median": 0.21314702748,
      "user": 0.0314692,
      "system": 0.18180165714285712,
      "min": 0.21182201598,
      "max": 0.21458070698,
      "times": [
        0.21182201598,
        0.21309496198,
        0.21265341998,
        0.21297593998,
        0.21275981398000002,
        0.21319909298,
        0.21297035698,
        0.21279147398,
        0.21435700998,
        0.21365407998,
        0.21389905598,
        0.21383461698,
        0.21458070698,
        0.21417074498
      ],
      "exit_codes": [
        0,
        0,
        0,
        0,
        0,
        0,
        0,
        0,
        0,
        0,
        0,
        0,
        0,
        0
      ]
    },
    {
      "command": "gdu --non-interactive --no-progress tmp.sample",
      "mean": 0.17221992345058823,
      "stddev": 0.00350013797583062,
      "median": 0.17186733498,
      "user": 0.20079596470588232,
      "system": 0.38163350588235295,
      "min": 0.16656077798,
      "max": 0.18006317498000002,
      "times": [
        0.17104070798,
        0.16952058298,
        0.17186733498,
        0.17003555298,
        0.17325535898,
        0.17204007698,
        0.16827851798000001,
        0.17566487298,
        0.17234078798,
        0.17169057398,
        0.17015490698,
        0.17319853598,
        0.17333918498,
        0.16656077798,
        0.16962151098,
        0.17906623898000001,
        0.18006317498000002
      ],
      "exit_codes": [
        0,
        0,
        0,
        0,
        0,
        0,
        0,
        0,
        0,
        0,
        0,
        0,
        0,
        0,
        0,
        0,
        0
      ]
    },
    {
      "command": "du --count-links --summarize tmp.sample",
      "mean": 0.20057355790857148,
      "stddev": 0.0023519844700282495,
      "median": 0.19985283298,
      "user": 0.019340271428571428,
      "system": 0.18117301428571428,
      "min": 0.19895682698,
      "max": 0.20851152598,
      "times": [
        0.19973451598,
        0.20030207298,
        0.19994109098,
        0.19945489498000002,
        0.20048099698,
        0.20081965698,
        0.19961487398,
        0.19980609798,
        0.19895682698,
        0.19967631798000002,
        0.19971812598,
        0.20111324498,
        0.19989956798,
        0.20851152598
      ],
      "exit_codes": [
        0,
        0,
        0,
        0,
        0,
        0,
        0,
        0,
        0,
        0,
        0,
        0,
        0,
        0
      ]
    }
  ]
}
