command,mean,stddev,median,user,system,min,max
pdu --top-down tmp.sample,0.09057638246727275,0.0007130965188325788,0.09042426974000001,0.058423213333333314,0.291045990909091,0.08966682974,0.09326519374
dust --reverse tmp.sample,0.11545548125999998,0.0011392964699734336,0.11527111374,0.08012996,0.31305901999999997,0.11380466774,0.11796894874000001
