{
  "results": [
    {
      "command": "pdu --quantity=block-size tmp.sample",
      "mean": 0.09068674182500001,
      "stddev": 0.0006450534149681327,
      "median": 0.0905808862,
      "user": 0.05876160125,
      "system": 0.29106309125,
      "min": 0.0898095662,
      "max": 0.09258591320000001,
      "times": [
        0.09258591320000001,
        0.0904240462,
        0.0902879372,
        0.09067703220000001,
        0.09089980220000002,
        0.0907937902,
        0.09070639720000001,
        0.0914288932,
        0.0906874272,
        0.0921174002,
        0.0920722112,
        0.0898095662,
        0.0905327292,
        0.09028795720000002,
        0.0903648352,
        0.09051965920000002,
        0.0899965552,
        0.08982544619999999,
        0.08982129820000001,
        0.0901165742,
        0.0909245032,
        0.09062904320000001,
        0.0903858002,
        0.09050495220000002,
        0.09041089620000001,
        0.09124648120000001,
        0.09076123220000001,
        0.0909230392,
        0.09008852620000002,
        0.0904640662,
        0.09073049220000001,
        0.09095123520000001
      ],
      "exit_codes": [
        0,
        0,
        0,
        0,
        0,
        0,
        0,
        0,
        0,
        0,
        0,
        0,
        0,
        0,
        0,
        0,
        0,
        0,
        0,
        0,
        0,
        0,
        0,
        0,
        0,
        0,
        0,
        0,
        0,
        0,
        0,
        0
      ]
    },
    {
      "command": "dust tmp.sample",
      "mean": 0.1156410643538462,
      "stddev": 0.004453657874329036,
      "median": 0.11482442120000001,
      "user": 0.08217693538461537,
      "system": 0.31062648307692303,
      "min": 0.1123887382,
      "max": 0.13683770720000002,
      "times": [
        0.1133742362,
        0.11474634420000002,
        0.11462380020000001,
        0.1123887382,
        0.11430842320000001,
        0.1139463792,
        0.11335033820000001,
        0.11654392220000001,
        0.1154230732,
        0.1140297642,
        0.11411637120000001,
        0.11469050420000002,
        0.11548286220000001,
        0.11286184020000001,
        0.11499403020000001,
        0.13683770720000002,
        0.11592949320000001,
        0.1144165402,
        0.1154143332,
        0.1161224602,
        0.1160863262,
        0.11490249820000001,
        0.11444561920000001,
        0.11567653120000002,
        0.1160506882,
        0.11590484920000002
      ],
      "exit_codes": [
        0,
        0,
        0,
        0,
        0,
        0,
        0,
        0,
        0,
        0,
        0,
        0,
        0,
        0,
        0,
        0,
        0,
        0,
        0,
        0,
        0,
        0,
        0,
        0,
        0,
        0
      ]
    },
    {
      "command": "dua --count-hard-links tmp.sample",
      "mean": 0.2510768989272728,
      "stddev": 0.007960581023459855,
      "median": 0.2503440562,
      "user": 0.2514442290909091,
      "system": 0.6502656054545454,
      "min": 0.24211361820000002,
      "max": 0.27175161820000004,
      "times": [
        0.2503440562,
        0.25157858520000004,
        0.25396326220000004,
        0.24834112120000001,
        0.27175161820000004,
        0.24434104420000002,
        0.24211361820000002,
        0.24897371320000003,
        0.25089555420000004,
        0.25506714820000004,
        0.2444761672
      ],
      "exit_codes": [
        0,
        0,
        0,
        0,
        0,
        0,
        0,
        0,
        0,
        0,
        0
      ]
    },
    {
      "command": "ncdu -o /dev/stdout -0 tmp.sample",
      "mean": 0.21371352073846153,
      "stddev": 0.001284071474100946,
      "median": 0.21345986720000001,
      "user": 0.03259747384615384,
      "system": 0.1810512138461538,
      "min": 0.2116040922,
      "max": 0.21599147220000003,
      "times": [
        0.21409357720000002,
        0.21339150320000003,
        0.21478336220000002,
        0.21345986720000001,
        0.2116040922,
        0.2119972122,
        0.21241690420000003,
        0.21599147220000003,
        0.21322323020000003,
        0.2130856452,
        0.2147978282,
        0.21436557820000002,
        0.2150654972
      ],
      "exit_codes": [
        0,
        0,
        0,
        0,
        0,
        0,
        0,
        0,
        0,
        0,
        0,
        0,
        0
      ]
    },
    {
      "command": "gdu --non-interactive --no-progress tmp.sample",
      "mean": 0.17268696131764702,
      "stddev": 0.0029922606426741115,
      "median": 0.17273404920000002,
      "user": 0.20047620235294117,
      "system": 0.38390035411764695,
      "min": 0.16801097520000002,
      "max": 0.1775793652,
      "times": [
        0.17492308620000002,
        0.17096691220000002,
        0.17250787420000002,
        0.1775793652,
        0.16801097520000002,
        0.17038889820000003,
        0.17699338420000002,
        0.17057297720000003,
        0.17235046720000002,
        0.1742256792,
        0.17273404920000002,
        0.1733527042,
        0.17552432820000002,
        0.1728909452,
        0.1683670522,
        0.17607568120000003,
        0.1682139632
      ],
      "exit_codes": [
        0,
        0,
        0,
        0,
        0,
        0,
        0,
        0,
        0,
        0,
        0,
        0,
        0,
        0,
        0,
        0,
        0
      ]
    },
    {
      "command": "du --count-links tmp.sample",
      "mean": 0.20292615991428573,
      "stddev": 0.0010739206238376082,
      "median": 0.2027073432,
      "user": 0.02194917714285714,
      "system": 0.18091370285714287,
      "min": 0.2013820172,
      "max": 0.2049232682,
      "times": [
        0.20322719420000002,
        0.20441907920000002,
        0.20374180220000002,
        0.20261539920000002,
        0.2027992872,
        0.20243710220000002,
        0.20160433120000001,
        0.2013820172,
        0.2023504912,
        0.2049232682,
        0.20159779320000001,
        0.20245678320000002,
        0.20365953920000002,
        0.2037521512
      ],
      "exit_codes": [
        0,
        0,
        0,
        0,
        0,
        0,
        0,
        0,
        0,
        0,
        0,
        0,
        0,
        0
      ]
    }
  ]
}
