command,mean,stddev,median,user,system,min,max
pdu --no-sort --max-depth=1 tmp.sample,0.08802705946484848,0.0022762763767007342,0.08770994998,0.05524598787878789,0.28674743636363625,0.08652186998,0.10039767798
dua --count-hard-links tmp.sample,0.24673602373000003,0.00984110481702134,0.24354978498000002,0.25056886666666667,0.64415755,0.23245518598,0.26542931098
ncdu -o /dev/null -0 tmp.sample,0.2133402350514286,0.0007687088895148463,0.21314702748,0.0314692,0.18180165714285712,0.21182201598,0.21458070698
gdu --non-interactive --no-progress tmp.sample,0.17221992345058823,0.00350013797583062,0.17186733498,0.20079596470588232,0.38163350588235295,0.16656077798,0.18006317498000002
du --count-links --summarize tmp.sample,0.20057355790857148,0.0023519844700282495,0.19985283298,0.019340271428571428,0.18117301428571428,0.19895682698,0.20851152598
