command,mean,stddev,median,user,system,min,max
pdu --quantity=apparent-size tmp.sample,0.09905879881499999,0.011314438451111844,0.09286467644000002,0.06016715375000001,0.29221512874999994,0.08993156394000001,0.12679790794
dust --apparent-size tmp.sample,0.1067368222362963,0.0011353254526874244,0.10643596594000002,0.07363120814814815,0.3119501970370371,0.10504122294000001,0.10977988794000001
dua --count-hard-links --apparent-size tmp.sample,0.30394213043999996,0.031021886406848852,0.29101808644,0.22907866000000002,0.8035320599999999,0.27939786794,0.37608214094
ncdu -o /dev/stdout -0 tmp.sample,0.2138137745553846,0.001061139577828917,0.21385805994,0.03382213692307692,0.17994062153846152,0.21148593394,0.21573786894000002
gdu --show-apparent-size --non-interactive --no-progress tmp.sample,0.1736222693775,0.007751896651920188,0.17195779894000002,0.19446612249999998,0.388701785,0.16593212694,0.20075564794
du --count-links --apparent-size tmp.sample,0.2040454997257143,0.000818514489858601,0.20411615594000002,0.02229427428571429,0.18169366000000003,0.20257163994000002,0.20545436894000002
