{
  "results": [
    {
      "command": "pdu --quantity=apparent-size tmp.sample",
      "mean": 0.09905879881499999,
      "stddev": 0.011314438451111844,
      "median": 0.09286467644000002,
      "user": 0.06016715375000001,
      "system": 0.29221512874999994,
      "min": 0.08993156394000001,
      "max": 0.12679790794,
      "times": [
        0.09227739294000001,
        0.09093511294,
        0.09016042994000001,
        0.09025486594000001,
        0.09096208694,
        0.09345195994000001,
        0.11142314794000001,
        0.09027463294000002,
        0.09018980494,
        0.09001760494000001,
        0.08993156394000001,
        0.09068127594000001,
        0.09050290794000002,
        0.09051915894000001,
        0.09035286694000001,
        0.08997077694000001,
        0.09130698694000002,
        0.09421166894,
        0.12316449494000001,
        0.12679790794,
        0.12508845594,
        0.10815145794000001,
        0.09349752294000001,
        0.09074748394000001,
        0.09973300794,
        0.10898727194,
        0.10545688694000001,
        0.10462633094000001,
        0.10199762494000002,
        0.10884857394000001,
        0.11192015394000002,
        0.10344014194000001
      ],
      "exit_codes": [
        0,
        0,
        0,
        0,
        0,
        0,
        0,
        0,
        0,
        0,
        0,
        0,
        0,
        0,
        0,
        0,
        0,
        0,
        0,
        0,
        0,
        0,
        0,
        0,
        0,
        0,
        0,
        0,
        0,
        0,
        0,
        0
      ]
    },
    {
      "command": "dust --apparent-size tmp.sample",
      "mean": 0.1067368222362963,
      "stddev": 0.0011353254526874244,
      "median": 0.10643596594000002,
      "user": 0.07363120814814815,
      "system": 0.3119501970370371,
      "min": 0.10504122294000001,
      "max": 0.10977988794000001,
      "times": [
        0.10819439994,
        0.10544437994000001,
        0.10769592694,
        0.10795881594000001,
        0.10585673194000002,
        0.10573917494000001,
        0.10541556394000001,
        0.10820254094000001,
        0.10744283094000001,
        0.10697199994,
        0.10588816094000002,
        0.10584032994,
        0.10662082794000001,
        0.10639299994000001,
        0.10504122294000001,
        0.10643596594000002,
        0.10591875294000001,
        0.10585852494000002,
        0.10565728494000001,
        0.10577047194000001,
        0.10726798494,
        0.10740140394000001,
        0.10977988794000001,
        0.10793371994,
        0.10703444494000001,
        0.10628847194000002,
        0.10784137894000001
      ],
      "exit_codes": [
        0,
        0,
        0,
        0,
        0,
        0,
        0,
        0,
        0,
        0,
        0,
        0,
        0,
        0,
        0,
        0,
        0,
        0,
        0,
        0,
        0,
        0,
        0,
        0,
        0,
        0,
        0
      ]
    },
    {
      "command": "dua --count-hard-links --apparent-size tmp.sample",
      "mean": 0.30394213043999996,
      "stddev": 0.031021886406848852,
      "median": 0.29101808644,
      "user": 0.22907866000000002,
      "system": 0.8035320599999999,
      "min": 0.27939786794,
      "max": 0.37608214094,
      "times": [
        0.28641932994,
        0.29089565493999997,
        0.27939786794,
        0.29633558994,
        0.29114051794,
        0.28702269894,
        0.37608214094,
        0.33878798094,
        0.31324293294,
        0.28009658994
      ],
      "exit_codes": [
        0,
        0,
        0,
        0,
        0,
        0,
        0,
        0,
        0,
        0
      ]
    },
    {
      "command": "ncdu -o /dev/stdout -0 tmp.sample",
      "mean": 0.2138137745553846,
      "stddev": 0.001061139577828917,
      "median": 0.21385805994,
      "user": 0.03382213692307692,
      "system": 0.17994062153846152,
      "min": 0.21148593394,
      "max": 0.21573786894000002,
      "times": [
        0.21385805994,
        0.21357548394,
        0.21301013994,
        0.21454516994000003,
        0.21369982594,
        0.21417506994000002,
        0.21447934794,
        0.21148593394,
        0.21289453494000002,
        0.21573786894000002,
        0.21442168894000002,
        0.21466904094000003,
        0.21302690394
      ],
      "exit_codes": [
        0,
        0,
        0,
        0,
        0,
        0,
        0,
        0,
        0,
        0,
        0,
        0,
        0
      ]
    },
    {
      "command": "gdu --show-apparent-size --non-interactive --no-progress tmp.sample",
      "mean": 0.1736222693775,
      "stddev": 0.007751896651920188,
      "median": 0.17195779894000002,
      "user": 0.19446612249999998,
      "system": 0.388701785,
      "min": 0.16593212694,
      "max": 0.20075564794,
      "times": [
        0.17756708094,
        0.17563761494000002,
        0.17206428894,
        0.16593212694,
        0.17262199794000002,
        0.17486781294,
        0.17078942394000002,
        0.17231489694000002,
        0.17272607194,
        0.17154640494,
        0.20075564794,
        0.17185130894,
        0.16797364994000002,
        0.17127158494000003,
        0.17012644794,
        0.16990994994000003
      ],
      "exit_codes": [
        0,
        0,
        0,
        0,
        0,
        0,
        0,
        0,
        0,
        0,
        0,
        0,
        0,
        0,
        0,
        0
      ]
    },
    {
      "command": "du --count-links --apparent-size tmp.sample",
      "mean": 0.2040454997257143,
      "stddev": 0.000818514489858601,
      "median": 0.20411615594000002,
      "user": 0.02229427428571429,
      "system": 0.18169366000000003,
      "min": 0.20257163994000002,
      "max": 0.20545436894000002,
      "times": [
        0.20257163994000002,
        0.20417491594,
        0.20480501994000003,
        0.20387485494000002,
        0.20282647394000003,
        0.20407908694000002,
        0.20445784294000002,
        0.20493893194,
        0.20406691394,
        0.20380313294000002,
        0.20415322494000002,
        0.20448515394000003,
        0.20545436894000002,
        0.20294543494000003
      ],
      "exit_codes": [
        0,
        0,
        0,
        0,
        0,
        0,
        0,
        0,
        0,
        0,
        0,
        0,
        0,
        0
      ]
    }
  ]
}
