{
  "results": [
    {
      "command": "pdu --progress tmp.sample",
      "mean": 0.10467054198857144,
      "stddev": 0.00020528225895922366,
      "median": 0.10464264856000001,
      "user": 0.06300155142857143,
      "system": 0.29024410714285714,
      "min": 0.10430538106000001,
      "max": 0.10511223406,
      "times": [
        0.10430538106000001,
        0.10458500106000002,
        0.10432715106000001,
        0.10469785606000001,
        0.10493207806,
        0.10511223406,
        0.10478162706000001,
        0.10481251206000002,
        0.10459109106000002,
        0.10449476506000001,
        0.10457104906,
        0.10479418106,
        0.10458338406,
        0.10510629606,
        0.10474028706,
        0.10440602306,
        0.10454296306000001,
        0.10453182206000002,
        0.10459233906000001,
        0.10468191206,
        0.10452510006000001,
        0.10477085006,
        0.10469989506,
        0.10453943706,
        0.10468534806,
        0.10470203806000002,
        0.10460338506000001,
        0.10505916906000001
      ],
      "exit_codes": [
        0,
        0,
        0,
        0,
        0,
        0,
        0,
        0,
        0,
        0,
        0,
        0,
        0,
        0,
        0,
        0,
        0,
        0,
        0,
        0,
        0,
        0,
        0,
        0,
        0,
        0,
        0,
        0
      ]
    },
    {
      "command": "ncdu -o /dev/stdout -1 tmp.sample",
      "mean": 0.21349915844461537,
      "stddev": 0.0009841860235205778,
      "median": 0.21333950406,
      "user": 0.03250874923076923,
      "system": 0.1809240769230769,
      "min": 0.21172415006,
      "max": 0.21494268406,
      "times": [
        0.21395767506,
        0.21220109806,
        0.21332037306,
        0.21281789806,
        0.21436739406,
        0.21494268406,
        0.21333950406,
        0.21404130506,
        0.21320168706,
        0.21402285206,
        0.21172415006,
        0.21267889306,
        0.21487354606
      ],
      "exit_codes": [
        0,
        0,
        0,
        0,
        0,
        0,
        0,
        0,
        0,
        0,
        0,
        0,
        0
      ]
    },
    {
      "command": "gdu --non-interactive tmp.sample",
      "mean": 0.1713923911225,
      "stddev": 0.0042265968123053384,
      "median": 0.17196723506,
      "user": 0.19862997999999996,
      "system": 0.38231231250000003,
      "min": 0.16471173206,
      "max": 0.17939519806,
      "times": [
        0.17619299106,
        0.17212314906,
        0.17250742306,
        0.16594433506,
        0.16471173206,
        0.16852101906,
        0.16793762606,
        0.17369593106,
        0.16881898106,
        0.16667412206,
        0.17000215106,
        0.17212349306,
        0.17939519806,
        0.17404379006,
        0.17181132106,
        0.17777499506
      ],
      "exit_codes": [
        0,
        0,
        0,
        0,
        0,
        0,
        0,
        0,
        0,
        0,
        0,
        0,
        0,
        0,
        0,
        0
      ]
    }
  ]
}
