{
  "results": [
    {
      "command": "pdu --max-depth=1 tmp.sample",
      "mean": 0.08702775489939395,
      "stddev": 0.00040320061757563136,
      "median": 0.08695729596,
      "user": 0.05685409090909092,
      "system": 0.2832789284848485,
      "min": 0.08649582496,
      "max": 0.08856141296,
      "times": [
        0.08769051096,
        0.08684260796,
        0.08695696396000001,
        0.08695729596,
        0.08789346796,
        0.08713673896,
        0.08709335796,
        0.08685685696,
        0.08672542296,
        0.08702722196,
        0.08712320596,
        0.08681760496,
        0.08701959996,
        0.08690950596000001,
        0.08649582496,
        0.08856141296,
        0.08669441496000001,
        0.08656435296000001,
        0.08719759596,
        0.08700525496,
        0.08721518496,
        0.08695857696,
        0.08675629996,
        0.08716333196,
        0.08688566296,
        0.08682995196,
        0.08712439096,
        0.08746209996,
        0.08698336296,
        0.08660497796,
        0.08664395096000001,
        0.08688134296,
        0.08683755796
      ],
      "exit_codes": [
        0,
        0,
        0,
        0,
        0,
        0,
        0,
        0,
        0,
        0,
        0,
        0,
        0,
        0,
        0,
        0,
        0,
        0,
        0,
        0,
        0,
        0,
        0,
        0,
        0,
        0,
        0,
        0,
        0,
        0,
        0,
        0,
        0
      ]
    },
    {
      "command": "dutree --summary tmp.sample",
      "mean": 0.38855009046,
      "stddev": 0.0016691187546631569,
      "median": 0.38809369346,
      "user": 0.03594959999999999,
      "system": 0.35250748,
      "min": 0.38688778196,
      "max": 0.39205140296,
      "times": [
        0.38918288596000006,
        0.38724725096,
        0.38689632796,
        0.38688778196,
        0.38753923096000004,
        0.39041461096,
        0.38803176296,
        0.38815562396000003,
        0.39205140296,
        0.38909402596000003
      ],
      "exit_codes": [
        0,
        0,
        0,
        0,
        0,
        0,
        0,
        0,
        0,
        0
      ]
    },
    {
      "command": "dua --count-hard-links tmp.sample",
      "mean": 0.25161934076000003,
      "stddev": 0.011525108214906913,
      "median": 0.25187718396000003,
      "user": 0.25608720000000007,
      "system": 0.65027208,
      "min": 0.23439374896000004,
      "max": 0.27463255296000005,
      "times": [
        0.27463255296000005,
        0.24355660896000003,
        0.23439374896000004,
        0.25923426996000004,
        0.24393376696000002,
        0.24146318596000002,
        0.25826290896000004,
        0.25696199696000005,
        0.25423301396000003,
        0.24952135396000003
      ],
      "exit_codes": [
        0,
        0,
        0,
        0,
        0,
        0,
        0,
        0,
        0,
        0
      ]
    },
    {
      "command": "du --count-links --summarize tmp.sample",
      "mean": 0.19986042560285716,
      "stddev": 0.0014682396174743304,
      "median": 0.19984937096000002,
      "user": 0.02159457142857143,
      "system": 0.17820608,
      "min": 0.19762603596000003,
      "max": 0.20363628096000003,
      "times": [
        0.19998289996000002,
        0.20119623396000003,
        0.20012023596000003,
        0.19971584196000003,
        0.19841953796000003,
        0.19925249896000002,
        0.20046312396000002,
        0.20031281496000003,
        0.19807868396000003,
        0.19762603596000003,
        0.19958406296000003,
        0.20038584596000003,
        0.19927186096000002,
        0.20363628096000003
      ],
      "exit_codes": [
        0,
        0,
        0,
        0,
        0,
        0,
        0,
        0,
        0,
        0,
        0,
        0,
        0,
        0
      ]
    }
  ]
}
