command,mean,stddev,median,user,system,min,max
pdu --quantity=block-size tmp.sample,0.09068674182500001,0.0006450534149681327,0.0905808862,0.05876160125,0.29106309125,0.0898095662,0.09258591320000001
dust tmp.sample,0.1156410643538462,0.004453657874329036,0.11482442120000001,0.08217693538461537,0.31062648307692303,0.1123887382,0.13683770720000002
dua --count-hard-links tmp.sample,0.2510768989272728,0.007960581023459855,0.2503440562,0.2514442290909091,0.6502656054545454,0.24211361820000002,0.27175161820000004
ncdu -o /dev/stdout -0 tmp.sample,0.21371352073846153,0.001284071474100946,0.21345986720000001,0.03259747384615384,0.1810512138461538,0.2116040922,0.21599147220000003
gdu --non-interactive --no-progress tmp.sample,0.17268696131764702,0.0029922606426741115,0.17273404920000002,0.20047620235294117,0.38390035411764695,0.16801097520000002,0.1775793652
du --count-links tmp.sample,0.20292615991428573,0.0010739206238376082,0.2027073432,0.02194917714285714,0.18091370285714287,0.2013820172,0.2049232682
