{
  "results": [
    {
      "command": "pdu --top-down tmp.sample",
      "mean": 0.09057638246727275,
      "stddev": 0.0007130965188325788,
      "median": 0.09042426974000001,
      "user": 0.058423213333333314,
      "system": 0.291045990909091,
      "min": 0.08966682974,
      "max": 0.09326519374,
      "times": [
        0.09017053574,
        0.08966682974,
        0.09016504774,
        0.09027043074,
        0.08992766074,
        0.09125213274,
        0.09002627374,
        0.09077087174000001,
        0.09059022974,
        0.09157380174,
        0.09060473174,
        0.09102001974,
        0.09020576374,
        0.09050095874,
        0.08971023474,
        0.09094859674,
        0.09198882474,
        0.09072679474,
        0.08999680474,
        0.09019732274,
        0.08995502874,
        0.09103264974,
        0.09033692274,
        0.09061732474,
        0.09085483774,
        0.09022916774,
        0.08992862374,
        0.09326519374,
        0.09089214774,
        0.09042426974000001,
        0.09015891774,
        0.09087330674,
        0.09013836374
      ],
      "exit_codes": [
        0,
        0,
        0,
        0,
        0,
        0,
        0,
        0,
        0,
        0,
        0,
        0,
        0,
        0,
        0,
        0,
        0,
        0,
        0,
        0,
        0,
        0,
        0,
        0,
        0,
        0,
        0,
        0,
        0,
        0,
        0,
        0,
        0
      ]
    },
    {
      "command": "dust --reverse tmp.sample",
      "mean": 0.11545548125999998,
      "stddev": 0.0011392964699734336,
      "median": 0.11527111374,
      "user": 0.08012996,
      "system": 0.31305901999999997,
      "min": 0.11380466774,
      "max": 0.11796894874000001,
      "times": [
        0.11670043574,
        0.11553409474000001,
        0.11448589174,
        0.11681510474000001,
        0.11458911774000001,
        0.11602257974,
        0.11431518774,
        0.11527111374,
        0.11448598674,
        0.11380466774,
        0.11468842474,
        0.11414708474,
        0.11439155474,
        0.11464322974,
        0.11449892974,
        0.11573415674000001,
        0.11582977974,
        0.11796894874000001,
        0.11512634874000001,
        0.11536502874,
        0.11745765574,
        0.11507224374000001,
        0.11541940974,
        0.11680177474,
        0.11721828074
      ],
      "exit_codes": [
        0,
        0,
        0,
        0,
        0,
        0,
        0,
        0,
        0,
        0,
        0,
        0,
        0,
        0,
        0,
        0,
        0,
        0,
        0,
        0,
        0,
        0,
        0,
        0,
        0
      ]
    }
  ]
}
