command,mean,stddev,median,user,system,min,max
pdu --progress tmp.sample,0.10467054198857144,0.00020528225895922366,0.10464264856000001,0.06300155142857143,0.29024410714285714,0.10430538106000001,0.10511223406
ncdu -o /dev/stdout -1 tmp.sample,0.21349915844461537,0.0009841860235205778,0.21333950406,0.03250874923076923,0.1809240769230769,0.21172415006,0.21494268406
gdu --non-interactive tmp.sample,0.1713923911225,0.0042265968123053384,0.17196723506,0.19862997999999996,0.38231231250000003,0.16471173206,0.17939519806
