command,mean,stddev,median,user,system,min,max
pdu --no-sort tmp.sample,0.09085060510750001,0.0006472710173462242,0.09078285892,0.0575482925,0.29265467250000005,0.08992760892,0.09307977692
du --count-links tmp.sample,0.20357421756285715,0.0006273469999458172,0.20338995792000003,0.02332412285714286,0.18017971714285716,0.20275715392000002,0.20498811392000002
dua --count-hard-links tmp.sample,0.24399263508666671,0.011010980118618235,0.24195997092000004,0.24968198,0.6334617766666667,0.22712247892,0.26297828892
ncdu -o /dev/stdout -0 tmp.sample,0.21428737392,0.0008897904846927948,0.21445579692000002,0.03144140307692307,0.1827817446153846,0.21290887992000002,0.21578610492000003
gdu --non-interactive --no-progress tmp.sample,0.17580407391999997,0.003259288330900243,0.17628419792000002,0.20606959764705887,0.38759377176470583,0.17038626292000003,0.18203603192
