{
  "results": [
    {
      "command": "pdu --no-sort tmp.sample",
      "mean": 0.09085060510750001,
      "stddev": 0.0006472710173462242,
      "median": 0.09078285892,
      "user": 0.0575482925,
      "system": 0.29265467250000005,
      "min": 0.08992760892,
      "max": 0.09307977692,
      "times": [
        0.09053455692,
        0.09103297292,
        0.09074378692,
        0.09142552692,
        0.08992760892,
        0.09112043892,
        0.09048957192,
        0.09107559492,
        0.09098714192,
        0.09075166992,
        0.09028829992,
        0.09098351392,
        0.09088246292,
        0.09092006692,
        0.09307977692,
        0.09062469492,
        0.09083419692,
        0.09057243792,
        0.09081404792,
        0.09001582092,
        0.09069266992,
        0.09072670492,
        0.09028960292,
        0.09182675192,
        0.09085634792,
        0.09191873992,
        0.09189842692,
        0.09084093392,
        0.09000732491999999,
        0.09045291992,
        0.08996657992,
        0.09063817092
      ],
      "exit_codes": [
        0,
        0,
        0,
        0,
        0,
        0,
        0,
        0,
        0,
        0,
        0,
        0,
        0,
        0,
        0,
        0,
        0,
        0,
        0,
        0,
        0,
        0,
        0,
        0,
        0,
        0,
        0,
        0,
        0,
        0,
        0,
        0
      ]
    },
    {
      "command": "du --count-links tmp.sample",
      "mean": 0.20357421756285715,
      "stddev": 0.0006273469999458172,
      "median": 0.20338995792000003,
      "user": 0.02332412285714286,
      "system": 0.18017971714285716,
      "min": 0.20275715392000002,
      "max": 0.20498811392000002,
      "times": [
        0.20323146792000002,
        0.20459125992000002,
        0.20383989092000002,
        0.20377068292000003,
        0.20305365592000002,
        0.20338488392,
        0.20335335492,
        0.20314791192,
        0.20498811392000002,
        0.20339503192000002,
        0.20404295992000002,
        0.20294316592000003,
        0.20275715392000002,
        0.20353951192000003
      ],
      "exit_codes": [
        0,
        0,
        0,
        0,
        0,
        0,
        0,
        0,
        0,
        0,
        0,
        0,
        0,
        0
      ]
    },
    {
      "command": "dua --count-hard-links tmp.sample",
      "mean": 0.24399263508666671,
      "stddev": 0.011010980118618235,
      "median": 0.24195997092000004,
      "user": 0.24968198,
      "system": 0.6334617766666667,
      "min": 0.22712247892,
      "max": 0.26297828892,
      "times": [
        0.23613302292000002,
        0.22712247892,
        0.25741482192000004,
        0.24985477392000005,
        0.25044015892000004,
        0.22980184092000003,
        0.26297828892,
        0.24184921192000003,
        0.24207072992000003,
        0.23576118192000003,
        0.24123464192000002,
        0.25325046892
      ],
      "exit_codes": [
        0,
        0,
        0,
        0,
        0,
        0,
        0,
        0,
        0,
        0,
        0,
        0
      ]
    },
    {
      "command": "ncdu -o /dev/stdout -0 tmp.sample",
      "mean": 0.21428737392,
      "stddev": 0.0008897904846927948,
      "median": 0.21445579692000002,
      "user": 0.03144140307692307,
      "system": 0.1827817446153846,
      "min": 0.21290887992000002,
      "max": 0.21578610492000003,
      "times": [
        0.21360749992000003,
        0.21317197392,
        0.21415034692,
        0.21462441992000003,
        0.21445579692000002,
        0.21526612592000002,
        0.21495427492000002,
        0.21301606492000003,
        0.21437076792,
        0.21448705392000003,
        0.21578610492000003,
        0.21493655092000002,
        0.21290887992000002
      ],
      "exit_codes": [
        0,
        0,
        0,
        0,
        0,
        0,
        0,
        0,
        0,
        0,
        0,
        0,
        0
      ]
    },
    {
      "command": "gdu --non-interactive --no-progress tmp.sample",
      "mean": 0.17580407391999997,
      "stddev": 0.003259288330900243,
      "median": 0.17628419792000002,
      "user": 0.20606959764705887,
      "system": 0.38759377176470583,
      "min": 0.17038626292000003,
      "max": 0.18203603192,
      "times": [
        0.17038626292000003,
        0.17671587392000002,
        0.17049829092000002,
        0.17821073792000003,
        0.17204400992000002,
        0.17641681092000003,
        0.17318656992,
        0.17529850792,
        0.18026697292000002,
        0.17595095692,
        0.17924288092000001,
        0.17792796292000002,
        0.17417479192000002,
        0.17343718092000002,
        0.18203603192,
        0.17628419792000002,
        0.17659121592000002
      ],
      "exit_codes": [
        0,
        0,
        0,
        0,
        0,
        0,
        0,
        0,
        0,
        0,
        0,
        0,
        0,
        0,
        0,
        0,
        0
      ]
    }
  ]
}
