{
  "results": [
    {
      "command": "pdu --min-ratio=0 tmp.sample",
      "mean": 0.34886006696000005,
      "stddev": 0.0013553069519123022,
      "median": 0.34885457576,
      "user": 0.26327732000000004,
      "system": 0.34465503999999997,
      "min": 0.34627842326,
      "max": 0.35076672626000005,
      "times": [
        0.35076672626000005,
        0.34858395126,
        0.34952299026000005,
        0.34877091026,
        0.35059027326000003,
        0.34858116026,
        0.34627842326,
        0.34729238326,
        0.34893824126,
        0.34927561026000004
      ],
      "exit_codes": [
        0,
        0,
        0,
        0,
        0,
        0,
        0,
        0,
        0,
        0
      ]
    },
    {
      "command": "dutree tmp.sample",
      "mean": 4.17683070436,
      "stddev": 0.008341804228338532,
      "median": 4.1789774607600005,
      "user": 0.49927811999999994,
      "system": 3.6771145399999994,
      "min": 4.16124916726,
      "max": 4.18638321026,
      "times": [
        4.184485238260001,
        4.17792835726,
        4.17565505426,
        4.18316250126,
        4.18244227126,
        4.18638321026,
        4.170727809260001,
        4.16624687026,
        4.16124916726,
        4.18002656426
      ],
      "exit_codes": [
        0,
        0,
        0,
        0,
        0,
        0,
        0,
        0,
        0,
        0
      ]
    },
    {
      "command": "ncdu -o /dev/stdout -0 tmp.sample",
      "mean": 0.21463828168857146,
      "stddev": 0.0013026995894169884,
      "median": 0.21450187026,
      "user": 0.02998690571428571,
      "system": 0.18456184,
      "min": 0.21261166826000003,
      "max": 0.21717852326000003,
      "times": [
        0.21339088026000003,
        0.21448424726,
        0.21451949326000003,
        0.21261166826000003,
        0.21438657926000002,
        0.21464473026000003,
        0.21368080226000002,
        0.21315129426,
        0.21507725126000002,
        0.21599100426,
        0.21717852326000003,
        0.21550143426,
        0.21646406426000003,
        0.21385397126000003
      ],
      "exit_codes": [
        0,
        0,
        0,
        0,
        0,
        0,
        0,
        0,
        0,
        0,
        0,
        0,
        0,
        0
      ]
    },
    {
      "command": "du --count-links --apparent-size tmp.sample",
      "mean": 0.2040761868314286,
      "stddev": 0.0008970307485416445,
      "median": 0.20397802176000002,
      "user": 0.022374477142857143,
      "system": 0.18163133999999997,
      "min": 0.20262776926,
      "max": 0.20594551926000002,
      "times": [
        0.20383342726000003,
        0.20412261626000003,
        0.20362007426000003,
        0.20510023726,
        0.20381688726000002,
        0.20341681126000002,
        0.20370464726,
        0.20462897826,
        0.20262776926,
        0.20414654826000003,
        0.20594551926000002,
        0.20424615526000003,
        0.20280432826000003,
        0.20505261626000001
      ],
      "exit_codes": [
        0,
        0,
        0,
        0,
        0,
        0,
        0,
        0,
        0,
        0,
        0,
        0,
        0,
        0
      ]
    }
  ]
}
